{"cameraMode":{"drawMode":0,"name":"Shaded","section":"Shading Mode"},"sceneLighting":true,"audioPlay":false,"sceneViewState":{"m_AlwaysRefresh":false,"showFog":true,"showSkybox":true,"showFlares":true,"showImageEffects":true,"showParticleSystems":true,"showVisualEffectGraphs":true,"m_FxEnabled":true},"in2DMode":false,"pivot":{"x":25.44162940979004,"y":10.144168853759766,"z":-13.853732109069825},"rotation":{"x":0.752867579460144,"y":0.012631176970899105,"z":-0.014459219761192799,"w":0.6579198837280273},"size":36.30134582519531,"orthographic":true}