{"cameraMode":{"drawMode":0,"name":"Shaded","section":"Shading Mode"},"sceneLighting":true,"audioPlay":false,"sceneViewState":{"m_AlwaysRefresh":false,"showFog":true,"showSkybox":true,"showFlares":true,"showImageEffects":true,"showParticleSystems":true,"showVisualEffectGraphs":true,"m_FxEnabled":true},"in2DMode":false,"pivot":{"x":-0.0014227628707885743,"y":0.48123788833618166,"z":-0.14367389678955079},"rotation":{"x":0.6562153100967407,"y":-0.003622539807111025,"z":0.0031493185088038446,"w":0.75456303358078},"size":8.230107307434082,"orthographic":true}